id,name,model_id:id,group_id:id,perm_read,perm_write,perm_create,perm_unlink
bank.access_customer_bank,access_customer_bank,bank.model_customer_bank,base.group_user,1,1,1,1
bank.access_employee_bank,access_employee_bank,bank.model_employee_bank,base.group_user,1,1,1,1
bank.access_bank_account,access_bank_account,bank.model_bank_account,base.group_user,1,1,1,1
bank.access_bank_loan,access_bank_loan,bank.model_bank_loan,base.group_user,1,1,1,1
bank.access_bank_transaction,access_bank_transaction,bank.model_bank_transaction,base.group_user,1,1,1,1
bank.access_button_model,access_button_model,bank.model_button_model,base.group_user,1,1,1,1
bank.access_button_model_kanban,access_button_model_kanban,bank.model_button_model_kanban,base.group_user,1,1,1,1

bank.access_recycle_account,access_recycle_account,bank.model_recycle_account,base.group_user,1,1,1,1
bank.access_demo_demo,access_demo_demo,bank.model_demo_demo,base.group_user,1,1,1,1
bank.access_print_wizard,access_print_wizard,bank.model_print_wizard,base.group_user,1,1,1,1

